book_id,title
6,Harry Potter a Kámen mudrců
7,Harry Potter a tajemná komnata
8,Harry Potter a vězeň z Azkabanu
9,Harry Potter a Ohnivý pohár
10,Harry Potter a Fénixův řád
11,Harry Potter a princ dvojí krve
12,Harry Potter a relikvie smrti
13,Famfrpál v průběhu věků
14,Fantastická zvířata a kde je najít
15,Bajky Barda Beedleho
23,Stmívání
114,Babička
117,Alchymista
119,U řeky Piedra jsem usedla a plakala
120,Veronika se rozhodla zemřít
122,Poutník
223,Stopařův průvodce Galaxií
470,Na západní frontě klid
533,Malý princ
722,Madynka
730,Eragon
750,My děti ze stanice Zoo
759,Nesnesitelná lehkost bytí
772,Farma zvířat
773,1984
836,Pistolník
855,Dolanův cadillac
972,Krakatit
982,R.U.R.
1091,Proměna
1127,Obsluhoval jsem anglického krále
1153,Rozmarné léto
1166,Staré pověsti české
1309,Nekonečný příběh
1431,Dracula
1433,Hamlet
1499,Máj
1672,Karlík a továrna na čokoládu
1690,Červený a černý
1699,Oliver Twist
1792,Komu zvoní hrana
1800,Mlčení jehňátek
1801,Černá neděle
1802,Červený drak
1803,Hannibal: zrození
1804,Hannibal
1810,Fantom Manhattanu
1822,Matylda
1839,Jirkova zázračná medicína
1843,Spalovač mrtvol
2119,Kdo chytá v žitě
2240,Krysař
2251,Maryša
2319,Tentokrát naposledy
2569,Obraz Doriana Graye
2574,Lady Fuckingham
2583,Strašidlo cantervillské
2585,Šťastný princ a jiné pohádky
2825,Frankenstein
2912,Kytice
2926,Cizinec
2940,"Muži, kteří nenávidí ženy"
2949,Čtyři dohody
2950,Paní Bovaryová
2967,Chrám Matky Boží v Paříži
2979,Kladivo na čarodějnice
2995,Vyhoďme ho z kola ven
3021,Zabiják
3060,Staré řecké báje a pověsti
3097,Neviditelný
3115,Vraždy v ulici Morgue
3314,Romeo a Julie
3329,Deník Anny Frankové
3838,Evžen Oněgin
3841,Nikola Šuhaj loupežník
3949,Čachtická paní
3995,Fantom Opery
4034,Povídání o pejskovi a kočičce
4086,Květy zla
4286,Magie a manipulace mysli
4413,Mrtví do soumraku
4437,Příbuzenská krev
4476,Ztracený svět v Podzemí
4477,Hlouběji do Podzemí
4744,Madisonské mosty
4847,Největší české záhady
4907,Moc přítomného okamžiku
4945,Rok kohouta
5760,Kniha ztracených věcí
6061,Zlatý skarabeus
6064,Zrádné srdce
6498,Holky z internátu 2: Večírek / Dvojčata Pat a Isabela
6887,Čarodějův učeň
7308,Sběratel kostí
8537,Lži na pohovce
8612,Pátá dohoda
8815,Těžká hodina
9854,Jak získávat přátele a působit na lidi
10968,Jak se zbavit starostí a začít žít
12014,Osamělost prvočísel
12607,Dušemrdi
14709,Jak si lidé hrají
14950,Tajná řeč těla
17731,Umění milovat
18023,Miluj svůj život
19064,Pohřešovaná
19293,"Lži, polopravdy a pravda v lidské komunikaci"
19729,Život za sklem
20104,Debordelizace hlavy
20616,Typologie osobnosti
20634,Byl jsem Mengeleho asistentem
23491,Hovory o psychoterapii
24857,Tajemství čachtické bestie
25487,101 nejlepších tipů pro digitální fotografii
25645,Během chůze Brnem
27017,Čaj jako životní styl
28604,Mít vše hotovo
28669,Mžik
28670,Mimo řadu
28982,Jak manipulovat s lidmi a nenechat se sám zmanipulovat
29666,Vražedné cédéčko
30357,Carmilla
30479,Ještě jednou jaro
30536,Alenka v říši divů
31110,Psychopatologie všedního života
32019,Slavík a růže
33224,Jak kreslit
34144,Havran
34652,Cestou intuice
36210,Jak drahá je intuice
36803,Velkolepý plán
38612,Autoimunita
38817,Jak prokouknout druhé lidi
39169,Seznamte se... Psychiatrie
39300,Born to run - Zrozeni k běhu
39422,Pět jazyků lásky
39799,Stručná historie času
39847,Španělsko
40950,Životní lži a rodinná tajemství - Jak poznat sebe sama a žít svobodněji
41131,Paranormální jevy
43888,Londýn - Společník cestovatele
45993,Ticho promlouvá
46866,"Kočka - správné krmení - zdravě,chutně....."
50079,Jáma a kyvadlo / The Pit and the Pendulum
50314,Horniny a minerály
55666,"Žena, která se ponořila do srdce světa"
59778,Jaký jste typ osobnosti?
61851,Práce s emocemi pro pomáhající profese
62341,Sirotčinec slečny Peregrinové pro podivné děti
65658,Básně
66025,Volání netvora
66988,Komunikace ve zdravotnické péči
67945,Počasí
68145,Pět jazyků omluvy
69402,Jak drahá je nepoctivost
71774,Běhání s Keňany
72868,Člověk v drsné přírodě
73886,Pečuj o své démony
74628,Uzdravení bez léků a bez lékařů
75212,Psychologie sériových vrahů
75891,Londýn
77491,Jak žít a vyhnout se syndromu vyhoření
79685,Fotografujeme portréty
80391,Proč se mnou nemluvíš?!
80706,Návrat z temnoty
80765,Hledání Aljašky
81142,Porozumění životu
81244,Batman vs Soudce Dredd: Zemřít smíchy #1
84277,Dalajlamova kočka
85058,Dobrý fotograf může být každý
85247,Psí poslání
86299,Síla introvertů
88984,Narkopolis
90347,Umění kreativního myšlení
90931,"Jak poznat, když vám někdo lže"
98675,Barcelona
100150,Kniha psychologie
100905,Klinická farmacie II
101844,Klinická farmacie I
102636,Jak kreslit komiksové postavičky
102697,Dalajlamova kočka a umění příst
102962,Farmakoterapie vnitřních nemocí
106202,Podivné město
107062,Anglicky 15 minut denně
110422,1000 divů Česka - Nejkrásnější výtvory přírody i člověka
132848,Stávám se veganem
133497,"Upíři, vlkodlaci a jiné strašidelné příběhy"
134489,Když Nietzsche plakal
134894,An Abundance of Katherines
134897,Paper Towns
134898,The Fault in Our Stars
134967,27 manipulativních technik
134980,Věřte sami sobě!
135775,23 zabijáků prokrastinace
137251,Opráski sčeskí historje 3
137499,Organická chemie
139754,Chorobné znaky a příznaky
140437,Lékařská mikrobiologie speciální
141689,Lékařská mikrobiologie obecná
148263,Běh pro ženy
148668,Jak s dětmi mluvit o smrti
148968,"13 věcí, které psychicky silní lidé nedělají"
149362,"Will Grayson, Will Grayson"
150452,Jedno morče a dvě mámy
150600,Spartan
150839,The Red Tree
150933,Naučte se říkat ne!!!
152258,Zázračný úklid
154680,"Místa, která vás děsí"
154832,Emoce pod maskou
155486,Havran / The Raven
155796,Psychologie masových vrahů
156371,Psychologie lži
157775,Objevte své mimosmyslové schopnosti
158898,Fotografování
160320,C++ bez předchozích znalostí
162114,Library of Souls
162136,A Place Called Here
162138,The Book of Tomorrow
162532,Knihovna duší
163390,Proč je bdělá pozornost lepší než čokoláda
163868,Jak být zajímavý
166910,Dalajlamova kočka a síla meditace
170074,Jak se stát dobrým psychoterapeutem
170926,První pomoc pro všechny situace
171341,Adulthood is a Myth
171746,Harry Potter a prokleté dítě
172223,A proto skáču
174829,The Great Gatsby
175137,Vývoj batolete
176803,Život s vysokou inteligencí
177134,Klíč k času
178752,Inovace je rozhodnutí
180334,"15 věcí, kterých se musíte vzdát, abyste byli šťastní"
181024,The Catcher in the Rye
183026,Autoimunitní řešení
183887,Designérem vlastního života
188152,Adultery
188517,Fantastická zvířata a kde je najít
188660,Dokonalost neznamená štěstí
189840,Kouzelníkův únik z reality
190131,Biochemie pro studujíci medicíny I.díl
190134,Biochemie pro studujíci medicíny II.díl
191937,Bachovy květy
193025,Divné hlášky z knihkupectví
193637,Cesta běžce
196244,"Jak získat úspěch, klid a vyrovnanost v hektické současnosti"
196968,Big Mushy Happy Lump
197415,Grafologie - Diagnostika osobnosti
198046,Ticho
198720,"Batman: Temný rytíř, temné město #2"
198721,"Batman: Temný rytíř, temné město #3"
202728,Call Me by Your Name
203693,Trénink psychické odolnosti
204395,Pět nejdůležitějších dovedností při jednání s lidmi
204559,More Happy Than Not
205656,Thirteen Reasons Why
206410,The 4-hour Workweek
207749,Noční hudba
207893,Další divné hlášky z knihkupectví
208887,Hollow City
208893,Miss Peregrine's Home for Peculiar Children
209638,Jak zpomalit kolotoč všedního dne
211537,"Důmyslné umění, jak mít všechno u pr**le"
213354,Ztracené světlo
218848,The Perks of being a Wallflower
219326,The Humans
219717,Kočky - poznáváme a určujeme
222565,Herding Cats
223561,Barcelona - Víkend
228130,Proč máma pije
228429,Normálně jiní
228623,Přerušovaný půst
229229,Průvodce pro vysoce citlivé lidi
229341,Simon vs. The homo sapiens agenda
229795,Kniha o zeleném čaji
229955,Zažijte - Barcelona
231700,Španělsko
233792,Líná máma - Jak vychovat samostatné dítě
233857,It's Kind of a Funny Story
234326,SQL
235974,Jak Grinch ukradl Vánoce
238451,A Map of Days
240810,Reasons to Stay Alive
243183,Terapie společností
244333,Bolest v psychiatrii
244380,Přerušovaný půst
245344,Fantastická zvířata: Grindelwaldovy zločiny
249010,The Book of Lost Things
249078,Kotě
249787,Everything Happens for a Reason
250767,12 pravidel pro život
256776,Srdcerváči
258015,Introvertka v hlučném světě
266857,Ze života knihomolky
287861,Normal people
302079,Vyhořet může každý
307841,Antibiotika v praxi zubního lékaře
326356,Srdcerváči 2
327787,Průvodce léky v těhotenství
345656,Alergologie do kapsy
360170,A Dog's Way Home
361652,Imaginary Friend
362112,Everything is f*cked
370288,Atomové návyky
373468,Doba koronavirová
373862,The Garden of Lost Secrets
375089,Pravidlo pěti vteřin
375437,Mikrobiom lidského těla
376817,Dalajlamova kočka a čtyři tlapky duchovního úspěchu
377478,Inteligentní hry pro vaši kočku
381610,Když se introvertka vdá
381809,Angličtina - 2000 nejdůležitějších slovíček
382771,Angličtina - konverzační průvodce
383921,Conversation with Friends
388149,100 perliček pro (ne)milovníky češtiny
389333,The Radleys
389335,Notes on a Nervous Planet
391448,Numbers Don't Lie
396382,"101 pravidel, jak zastavit úzkost"
397742,Farmakologie a toxikologie
397968,The Midnight Library
401287,Proč si nerozumíme
403887,Čeština pro všechny
406492,Uprdelismus
413280,The Curious Case of Benjamin Button and Tales of the Jazz Age
414753,Hádanky a hlavolamy Sherlocka Holmese – úniková hra
429367,Rok čarodějnic
435722,100 přešlapů pro (ne)milovníky češtiny
436323,Mimoňka
438025,Sexuální výchova: Road trip
442246,Jak si dělat chytré poznámky
442736,Naslouchejte!
443432,Začni teď!
447513,The comfort book
453651,Jeden zvyk vám změní život
456122,Deprese není depka
463060,The Flight Attendant
465691,E-maily a jejich (ne)pravidla
472589,Život s Béďou
496147,I Have Lost My Way
496201,Proč mi tohle nikdo neřekl dřív?
500245,Mluvte!
505021,Šťastnější
510187,I loved you in another life
